State,Year,Program_Type,People_Reached,Feedback_Score,Organizer,Details
Maharashtra,2016,TV Campaign,3660,3.06,University,"{""channels"": [""TV"", ""Online"", ""In-person"", ""Radio""], ""follow_up"": null}"
Maharashtra,2016,School Workshop,4075,1.54,University,"{'channels': ['TV', 'Online'], 'follow_up': None}"
Maharashtra,2016,Awareness Camp,825,3.23,University,"{'channels': ['TV', 'Radio'], 'follow_up': None}"
MAHARASHTRA,2017,Online Webinar,2754,4.44,NGO,"{""channels"": [""Radio"", ""In-person""], ""follow_up"": true}"
Maharashtra,2017,Online Webinar,8213,4.8,NGO,"{""channels"": [""TV"", ""Radio""], ""follow_up"": false}"
Maharashtra,2018,School Workshop,3242,4.76,University,"{""channels"": [""In-person""], ""follow_up"": true}"
MAHARASHTRA,2018,Online Webinar,243,4.63,Govt,"{""channels"": [""In-person"", ""TV""], ""follow_up"": null}"
Maharashtra,2018,School Workshop,649,4.83,Private,"{""channels"": [""Online"", ""TV"", ""Radio"", ""In-person""], ""follow_up"": true}"
Maharashtra,2019,TV Campaign,5980,1.91,Private,"{""channels"": [""Online"", ""Radio""], ""follow_up"": false}"
Maharashtra,2019,TV Campaign,1145,4.32,NGO,"{""channels"": [""Radio""], ""follow_up"": false}"
Maharashtra,2019,School Workshop,2685,1.81,Private,"{""channels"": [""In-person"", ""Online"", ""Radio"", ""TV""], ""follow_up"": false}"
Maharashtra,2020,School Workshop,8241,4.07,NGO,"{""channels"": [""TV"", ""Radio"", ""Online""], ""follow_up"": false}"
Maharashtra,2020,TV Campaign,4067,3.04,University,"{""channels"": [""TV"", ""Radio""], ""follow_up"": true}"
Maharashtra,2020,TV Campaign,5988,2.46,Private,"{""channels"": [""In-person"", ""TV"", ""Radio"", ""Online""], ""follow_up"": null}"
MAHARASHTRA,2020,Awareness Camp,9093,3.71,University,"{""channels"": [""In-person""], ""follow_up"": null}"
Maharashtra,2021,Online Webinar,1795,2.82,Private,"{""channels"": [""Online""], ""follow_up"": null}"
Maharashtra,2022,School Workshop,1298,3.11,NGO,"{""channels"": [""Online"", ""Radio""], ""follow_up"": null}"
Maharashtra,2022,Online Webinar,6449,4.23,University,"{""channels"": [""Online"", ""Radio""], ""follow_up"": null}"
maharashtra,2022,Community Outreach,2330,4.43,Govt,"{""channels"": [""TV""], ""follow_up"": null}"
Maharashtra,2022,TV Campaign,6931,2.6,Govt,"{""channels"": [""Online""], ""follow_up"": false}"
TamilNadu,2016,Online Webinar,5130,2.36,Private,"{'channels': ['Radio', 'In-person'], 'follow_up': True}"
TamilNadu,2017,Online Webinar,9951,2.28,Private,"{""channels"": [""Radio"", ""TV"", ""Online"", ""In-person""], ""follow_up"": false}"
TamilNadu,2017,TV Campaign,5903,1.01,Private,"{'channels': ['Radio'], 'follow_up': False}"
Tamil-Nadu,2017,Community Outreach,6351,4.94,University,"{""channels"": [""TV"", ""In-person"", ""Radio""], ""follow_up"": false}"
Tamil-Nadu,2018,SchoolWorkshop,1971,2.84,Govt,"{""channels"": [""Radio"", ""TV"", ""In-person"", ""Online""], ""follow_up"": false}"
Tamil-Nadu,2018,Awareness Camp,6584,3.28,NGO,"{""channels"": [""Radio"", ""TV"", ""Online""], ""follow_up"": true}"
TamilNadu,2018,Online Webinar,150,4.75,NGO,"{""channels"": [""Online"", ""TV""], ""follow_up"": true}"
tamil nadu,2019,Community Outreach,3414,4.75,Private,"{""channels"": [""Online""], ""follow_up"": true}"
Tamig Nadu,2019,TV Campaign,1482,3.93,NGO,"{""channels"": [""TV"", ""In-person""], ""follow_up"": null}"
TAMIL NADU,2019,Awareness Camp,3495,4.27,NGO,"{""channels"": [""In-person"", ""Radio""], ""follow_up"": true}"
tamil nadu,2019,School Workshop,2844,1.16,NGO,"{""channels"": [""TV"", ""In-person"", ""Radio""], ""follow_up"": true}"
tamil nadu,2020,Online Webinar,6526,1.65,NGO,"{'channels': ['TV', 'Online', 'Radio'], 'follow_up': True}"
tamil nadu,2020,TV Campaign,3300,3.31,Private,"{""channels"": [""In-person"", ""Online"", ""TV""], ""follow_up"": true}"
Tamil Nadu,2020,Awareness Camp,1201,2.04,Govt,"{""channels"": [""In-person""], ""follow_up"": null}"
TamilNadu,2021,Community Outreach,6945,2.7,Private,"{""channels"": [""In-person"", ""TV"", ""Radio""], ""follow_up"": null}"
tamil nadu,2021,Online Webinar,5560,4.99,NGO,"{'channels': ['In-person', 'TV', 'Radio', 'Online'], 'follow_up': False}"
TAMIL NADU,2021,Awareness Camp,608,4.38,Private,"{'channels': ['TV', 'In-person'], 'follow_up': False}"
TAMIL NADU,2021,School Workshop,1822,1.21,University,"{'channels': ['Online'], 'follow_up': False}"
tamil nadu,2022,Awareness Camp,7337,3.91,Govt,"{""channels"": [""Online"", ""TV""], ""follow_up"": true}"
TamilNadu,2022,TV Campaign,4092,3.21,Private,"{""channels"": [""Online"", ""Radio"", ""In-person"", ""TV""], ""follow_up"": true}"
Tamil-Nadu,2022,SchoolWorkshop,6934,1.77,University,"{'channels': ['In-person', 'Radio', 'Online'], 'follow_up': None}"
kerala,2016,Online Webinar,4185,3.55,University,"{""channels"": [""Radio""], ""follow_up"": true}"
KERALA,2016,Community Outreach,4751,4.04,Private,"{""channels"": [""Online"", ""In-person"", ""Radio""], ""follow_up"": null}"
Kerala,2016,TV Campaign,2621,2.37,Govt,"{""channels"": [""TV""], ""follow_up"": false}"
KERALA,2016,Online Webinar,3458,4.56,Private,"{""channels"": [""Radio"", ""In-person"", ""TV"", ""Online""], ""follow_up"": null}"
Kcrala,2017,School Workshop,834,3.58,NGO,"{""channels"": [""TV"", ""Radio""], ""follow_up"": false}"
kerala,2018,TV Campaign,9747,2.41,Govt,"{""channels"": [""In-person"", ""TV"", ""Radio""], ""follow_up"": false}"
Kerala,2019,TV Campaign,268,1.33,Govt,"{'channels': ['In-person', 'Radio', 'Online', 'TV'], 'follow_up': False}"
Kerala,2020,School Workshop,8157,4.09,NGO,"{""channels"": [""Radio""], ""follow_up"": null}"
KERALA,2020,TV Campaign,1912,3.21,Govt,"{""channels"": [""Online"", ""TV"", ""Radio""], ""follow_up"": true}"
Kerala,2021,SchoolWorkshop,6161,1.96,Govt,"{""channels"": [""TV"", ""In-person"", ""Online"", ""Radio""], ""follow_up"": true}"
Kerala,2021,Community Outreach,8001,1.45,Govt,"{'channels': ['In-person', 'Radio'], 'follow_up': True}"
KERALA,2021,Online Webinar,483,1.99,University,"{'channels': ['In-person'], 'follow_up': False}"
Kerala,2021,TVCampaign,1665,1.27,University,"{""channels"": [""TV"", ""Radio"", ""In-person""], ""follow_up"": true}"
Kerala,2022,TV Campaign,9400,3.34,University,"{'channels': ['Radio', 'TV'], 'follow_up': False}"
kerala,2022,Community Outreach,8003,3.68,NGO,"{""channels"": [""TV"", ""In-person""], ""follow_up"": true}"
karnataka,2016,TV Campaign,4815,1.99,University,"{""channels"": [""TV"", ""Online"", ""Radio"", ""In-person""], ""follow_up"": false}"
Karnataka,2016,Online Webinar,3188,3.08,University,"{""channels"": [""In-person"", ""Online""], ""follow_up"": false}"
Karnataka,2016,Community Outreach,7073,3.16,Govt,"{""channels"": [""Radio""], ""follow_up"": true}"
karnataka,2016,Community Outreach,9743,3.06,Private,"{""channels"": [""Online"", ""TV""], ""follow_up"": false}"
Karnataka,2017,Awareness Camp,9401,4.19,University,"{""channels"": [""TV"", ""In-person"", ""Online"", ""Radio""], ""follow_up"": null}"
Karnataka,2017,School Workshop,6134,2.01,University,"{""channels"": [""In-person""], ""follow_up"": false}"
Karnataka,2018,TV Campaign,4321,4.47,Govt,"{""channels"": [""TV"", ""In-person"", ""Online"", ""Radio""], ""follow_up"": false}"
Karnataka,2018,School Workshop,6539,3.51,University,"{'channels': ['Online', 'TV', 'Radio', 'In-person'], 'follow_up': True}"
Karnataka,2018,Online Webinar,6250,4.02,Govt,"{""channels"": [""Online"", ""TV""], ""follow_up"": false}"
Karnataka,2019,School Workshop,7253,3.09,University,"{""channels"": [""In-person""], ""follow_up"": null}"
karnataka,2019,Online Webinar,8959,3.38,NGO,"{""channels"": [""Online""], ""follow_up"": null}"
Karnataka,2019,Awareness Camp,3401,1.51,Govt,"{""channels"": [""In-person""], ""follow_up"": true}"
Karnataka,2020,Awareness Camp,917,3.18,University,"{""channels"": [""In-person"", ""TV"", ""Online"", ""Radio""], ""follow_up"": null}"
Karnataka,2021,Online Webinar,7834,2.21,NGO,"{'channels': ['TV', 'In-person', 'Online'], 'follow_up': None}"
Karnataka,2021,School Workshop,4517,2.42,Private,"{'channels': ['TV'], 'follow_up': False}"
Karnataka,2021,TV Campaign,5917,3.76,Govt,"{""channels"": [""Online"", ""Radio"", ""In-person""], ""follow_up"": false}"
Karnataka,2021,Community Outreach,4737,2.78,Private,"{'channels': ['In-person'], 'follow_up': None}"
Karnataka,2022,SchoolWorkshop,7504,4.06,Private,"{'channels': ['Radio', 'TV', 'Online'], 'follow_up': True}"
Karnataka,2022,Online Webinar,4901,4.52,NGO,"{'channels': ['Online'], 'follow_up': True}"
KARNATAKA,2022,School Workshop,115,1.95,Private,"{'channels': ['Radio', 'Online'], 'follow_up': False}"
Karnataka,2022,School Workshop,8948,4.8,University,"{""channels"": [""Radio"", ""In-person"", ""TV"", ""Online""], ""follow_up"": false}"
ANDHRA PRADESH,2016,Community Outreach,9953,1.42,University,"{'channels': ['TV', 'In-person'], 'follow_up': False}"
Andhra Pradesh,2016,School Workshop,8633,3.61,University,"{""channels"": [""Radio"", ""Online"", ""TV"", ""In-person""], ""follow_up"": true}"
andhra pradesh,2017,Community Outreach,4667,4.01,NGO,"{""channels"": [""Online""], ""follow_up"": true}"
andhra pradesh,2017,Community Outreach,9349,1.02,Govt,"{'channels': ['Online', 'In-person', 'Radio'], 'follow_up': True}"
Andhra Pradesh,2017,Awareness Camp,2110,2.46,Govt,"{'channels': ['In-person'], 'follow_up': None}"
AndhraPradesh,2018,Community Outreach,5802,1.15,NGO,"{""channels"": [""Radio"", ""TV""], ""follow_up"": true}"
andhra pradesh,2018,School Workshop,4336,1.31,Govt,"{""channels"": [""TV""], ""follow_up"": false}"
andhra pradesh,2019,TV Campaign,928,1.72,Govt,"{""channels"": [""Online"", ""Radio"", ""In-person"", ""TV""], ""follow_up"": true}"
ANDHRA PRADESH,2019,Awareness Camp,2602,3.57,Private,"{'channels': ['TV', 'Online'], 'follow_up': False}"
AndhraPradesh,2019,Awareness Camp,8103,2.57,University,"{'channels': ['TV', 'In-person'], 'follow_up': True}"
ANDHRA PRADESH,2019,Awareness Camp,9121,4.23,University,"{""channels"": [""Radio"", ""In-person""], ""follow_up"": true}"
andhra pradesh,2020,Awareness Camp,2159,1.14,Private,"{""channels"": [""In-person"", ""Radio""], ""follow_up"": true}"
Andhra-Pradesh,2020,School Workshop,1948,1.53,University,"{""channels"": [""TV""], ""follow_up"": null}"
Andhra-Pradesh,2020,Awareness Camp,6883,4.6,Govt,"{'channels': ['Online', 'Radio', 'TV', 'In-person'], 'follow_up': False}"
andhra pradesh,2021,Awareness Camp,3148,1.64,NGO,"{""channels"": [""TV"", ""In-person"", ""Radio"", ""Online""], ""follow_up"": true}"
AndhraPradesh,2022,Awareness Camp,1257,4.0,Private,"{""channels"": [""Online"", ""In-person""], ""follow_up"": true}"
TELANGANA,2016,SchoolWorkshop,9892,2.92,University,"{'channels': ['TV', 'Radio'], 'follow_up': False}"
telangana,2016,TV Campaign,2791,4.51,University,"{""channels"": [""Radio""], ""follow_up"": true}"
telangana,2016,SchoolWorkshop,6946,4.18,Private,"{'channels': ['In-person'], 'follow_up': True}"
Telangana,2016,Awareness Camp,8711,4.87,NGO,"{'channels': ['Radio', 'Online'], 'follow_up': True}"
telangana,2017,Community Outreach,7546,4.55,Private,"{'channels': ['Online', 'In-person'], 'follow_up': True}"
TELANGANA,2017,Awareness Camp,3696,3.24,Govt,"{""channels"": [""TV"", ""In-person"", ""Online""], ""follow_up"": false}"
Telangana,2017,TV Campaign,2915,2.99,Govt,"{""channels"": [""In-person"", ""TV"", ""Online"", ""Radio""], ""follow_up"": null}"
Telangana,2018,AwarenessCamp,2339,1.91,Private,"{""channels"": [""TV"", ""Online"", ""In-person""], ""follow_up"": null}"
Telangana,2018,School Workshop,3575,3.76,Govt,"{'channels': ['In-person', 'TV', 'Radio'], 'follow_up': False}"
Telangana,2018,Community Outreach,5757,1.08,NGO,"{'channels': ['TV', 'Online'], 'follow_up': None}"
Telangana,2019,TV Campaign,799,1.1,Govt,"{""channels"": [""In-person"", ""Online""], ""follow_up"": true}"
telangana,2019,Community Outreach,7133,3.0,Govt,"{""channels"": [""TV"", ""Radio""], ""follow_up"": null}"
telangana,2020,School Workshop,6878,4.27,Govt,"{'channels': ['Radio'], 'follow_up': None}"
Telangana,2020,Community Outreach,9163,4.18,University,"{""channels"": [""Online"", ""In-person"", ""Radio""], ""follow_up"": true}"
Telangana,2021,Community Outreach,374,4.23,Private,"{""channels"": [""Radio""], ""follow_up"": false}"
Telangana,2021,Online Webinar,3895,1.66,NGO,"{'channels': ['Online', 'TV'], 'follow_up': False}"
TELANGANA,2021,TV Campaign,6669,2.14,Govt,"{""channels"": [""Online"", ""In-person""], ""follow_up"": null}"
Telangana,2022,Online Webinar,5419,4.65,Private,"{'channels': ['Online', 'TV'], 'follow_up': None}"
telangana,2022,Awareness Camp,3818,4.75,NGO,"{""channels"": [""Radio"", ""TV""], ""follow_up"": false}"
gujarat,2016,Awareness Camp,9512,2.7,Private,"{""channels"": [""Online"", ""Radio"", ""In-person"", ""TV""], ""follow_up"": false}"
GUJARAT,2016,Online Webinar,1142,4.37,University,"{'channels': ['In-person', 'TV', 'Radio'], 'follow_up': True}"
gujarat,2016,Awareness Camp,8069,1.08,Govt,"{'channels': ['Radio', 'In-person'], 'follow_up': True}"
gujarat,2017,School Workshop,83,3.76,Private,"{""channels"": [""In-person"", ""TV"", ""Online"", ""Radio""], ""follow_up"": null}"
Gujarat,2018,Community Outreach,3582,2.19,NGO,"{""channels"": [""Online"", ""In-person"", ""Radio"", ""TV""], ""follow_up"": false}"
Gujarat,2018,School Workshop,309,3.11,Govt,"{'channels': ['Radio', 'Online', 'In-person'], 'follow_up': False}"
gujarat,2019,Awareness Camp,2589,3.88,Govt,"{""channels"": [""Online"", ""TV""], ""follow_up"": true}"
Gujarat,2019,Online Webinar,9631,3.97,University,"{'channels': ['In-person', 'Online', 'TV'], 'follow_up': True}"
Gujarat,2019,Online Webinar,8980,1.64,Private,"{""channels"": [""TV"", ""In-person"", ""Online""], ""follow_up"": null}"
Gujarat,2020,Community Outreach,4935,2.36,Private,"{""channels"": [""In-person"", ""TV"", ""Radio"", ""Online""], ""follow_up"": null}"
Gujarat,2020,TV Campaign,6520,4.27,NGO,"{'channels': ['Radio', 'In-person', 'TV', 'Online'], 'follow_up': False}"
GUJARAT,2021,TV Campaign,6610,3.34,Govt,"{""channels"": [""Radio"", ""In-person"", ""Online"", ""TV""], ""follow_up"": false}"
GUJARAT,2021,Community Outreach,4401,3.61,Private,"{'channels': ['Radio', 'Online'], 'follow_up': False}"
Gujarat,2022,Community Outreach,8105,1.55,Private,"{""channels"": [""In-person"", ""Online""], ""follow_up"": true}"
gujarat,2022,Online Webinar,6422,2.28,Govt,"{""channels"": [""In-person"", ""Radio"", ""Online""], ""follow_up"": true}"
gujarat,2022,School Workshop,3196,3.18,Govt,"{""channels"": [""Online"", ""In-person"", ""TV"", ""Radio""], ""follow_up"": false}"
Rajasthan,2016,TVCampaign,3574,3.81,Govt,"{""channels"": [""Radio"", ""Online""], ""follow_up"": true}"
Rajasthan,2016,Online Webinar,3210,1.47,NGO,"{""channels"": [""Radio"", ""Online"", ""In-person"", ""TV""], ""follow_up"": false}"
Rajasthan,2016,Community Outreach,3488,3.28,Private,"{'channels': ['Radio', 'TV', 'Online'], 'follow_up': False}"
Rajasthan,2017,Community Outreach,9171,1.39,Private,"{""channels"": [""In-person""], ""follow_up"": true}"
Rajasthan,2017,TV Campaign,2206,2.92,University,"{""channels"": [""Radio"", ""TV""], ""follow_up"": false}"
Rajasthan,2017,School Workshop,1601,3.06,University,"{'channels': ['Online'], 'follow_up': False}"
RAJASTHAN,2017,TV Campaign,2708,3.97,Private,"{""channels"": [""TV"", ""In-person"", ""Online"", ""Radio""], ""follow_up"": true}"
RAJASTHAN,2018,School Workshop,9855,1.1,University,"{'channels': ['TV', 'In-person'], 'follow_up': None}"
Rajasthan,2019,Online Webinar,9169,4.59,Govt,"{'channels': ['Radio', 'TV', 'Online', 'In-person'], 'follow_up': False}"
RAJASTHAN,2019,TV Campaign,9012,3.54,NGO,"{""channels"": [""In-person"", ""TV""], ""follow_up"": null}"
Rajasthan,2019,Community Outreach,9688,4.3,University,"{""channels"": [""In-person"", ""TV""], ""follow_up"": true}"
rajasthan,2019,Online Webinar,2529,1.89,Govt,"{""channels"": [""Online"", ""In-person"", ""TV""], ""follow_up"": true}"
Rajasthan,2020,School Workshop,1742,1.51,Private,"{""channels"": [""Radio"", ""Online"", ""TV""], ""follow_up"": false}"
RAJASTHAN,2020,TV Campaign,9370,3.55,University,"{""channels"": [""In-person""], ""follow_up"": null}"
RAJASTHAN,2020,TV Campaign,5230,2.79,NGO,"{'channels': ['Radio', 'Online', 'In-person'], 'follow_up': False}"
RAJASTHAN,2021,School Workshop,5321,4.62,University,"{""channels"": [""In-person"", ""Online"", ""Radio""], ""follow_up"": false}"
RAJASTHAN,2021,School Workshop,5461,2.34,University,"{'channels': ['TV', 'Online', 'In-person'], 'follow_up': True}"
rajasthan,2021,AwarenessCamp,5412,3.27,Govt,"{'channels': ['TV', 'Online'], 'follow_up': False}"
rajasthan,2022,Awareness Camp,6154,4.56,Private,"{'channels': ['Online'], 'follow_up': True}"
punjab,2016,TV Campaign,8594,3.49,NGO,"{""channels"": [""Online"", ""Radio"", ""In-person"", ""TV""], ""follow_up"": true}"
Punjab,2016,School Workshop,9653,2.78,University,"{""channels"": [""Radio""], ""follow_up"": null}"
punjab,2016,Online Webinar,3889,1.54,Private,"{""channels"": [""Online""], ""follow_up"": true}"
Punjab,2017,Online Webinar,7742,1.88,NGO,"{""channels"": [""Online"", ""TV"", ""Radio"", ""In-person""], ""follow_up"": null}"
Punjab,2017,Community Outreach,2782,4.4,Govt,"{'channels': ['Radio', 'Online', 'In-person'], 'follow_up': None}"
PUNJAB,2017,TV Campaign,9250,3.35,NGO,"{""channels"": [""TV"", ""Online"", ""In-person""], ""follow_up"": true}"
Punjab,2018,TV Campaign,1799,1.13,University,"{""channels"": [""TV"", ""Online"", ""In-person"", ""Radio""], ""follow_up"": false}"
Punjab,2019,Community Outreach,5304,1.75,University,"{""channels"": [""TV"", ""In-person"", ""Online""], ""follow_up"": true}"
punjab,2019,School Workshop,4260,3.29,Govt,"{""channels"": [""In-person"", ""TV"", ""Online"", ""Radio""], ""follow_up"": false}"
Punjab,2019,School Workshop,7084,1.46,Private,"{'channels': ['Online'], 'follow_up': True}"
Punjab,2020,Community Outreach,4953,3.85,University,"{""channels"": [""Online""], ""follow_up"": false}"
Punjab,2020,Online Webinar,1239,1.28,University,"{""channels"": [""Radio"", ""In-person"", ""TV"", ""Online""], ""follow_up"": null}"
PUNJAB,2021,Community Outreach,7067,4.49,NGO,"{""channels"": [""Radio"", ""Online"", ""TV""], ""follow_up"": false}"
Punjab,2021,School Workshop,102,1.1,Govt,"{""channels"": [""Radio""], ""follow_up"": false}"
Punjab,2021,School Workshop,2358,2.3,University,"{""channels"": [""In-person"", ""Online"", ""TV""], ""follow_up"": null}"
Punjab,2022,School Workshop,6539,1.38,Govt,"{'channels': ['TV', 'In-person', 'Radio'], 'follow_up': False}"
Haryana,2016,School Workshop,8988,4.18,University,"{""channels"": [""In-person"", ""TV"", ""Online""], ""follow_up"": false}"
Haryana,2017,Community Outreach,4502,2.76,Private,"{""channels"": [""TV"", ""In-person""], ""follow_up"": true}"
Haryana,2017,Awareness Camp,5276,2.04,Govt,"{""channels"": [""TV"", ""Online"", ""Radio"", ""In-person""], ""follow_up"": false}"
Haryana,2018,Awareness Camp,1026,1.23,Govt,"{""channels"": [""Radio"", ""TV"", ""Online""], ""follow_up"": null}"
Haryana,2018,TV Campaign,9546,1.51,University,"{""channels"": [""TV"", ""Radio"", ""In-person""], ""follow_up"": true}"
Haryaaa,2018,Online Webinar,8133,2.66,Private,"{""channels"": [""In-person"", ""Radio"", ""TV"", ""Online""], ""follow_up"": null}"
Haryana,2018,Awareness Camp,2323,3.67,University,"{'channels': ['TV', 'In-person', 'Online'], 'follow_up': True}"
Haryana,2019,Awareness Camp,8901,3.56,NGO,"{""channels"": [""In-person"", ""Radio"", ""Online""], ""follow_up"": false}"
Haryana,2019,Awareness Camp,4486,2.89,Private,"{""channels"": [""Online""], ""follow_up"": false}"
haryana,2020,Community Outreach,8761,3.61,Private,"{'channels': ['TV', 'Radio', 'In-person', 'Online'], 'follow_up': True}"
Haryana,2021,Online Webinar,8706,3.87,University,"{'channels': ['TV', 'In-person', 'Radio'], 'follow_up': True}"
Haryana,2022,Awareness Camp,2458,3.98,University,"{""channels"": [""Online"", ""Radio"", ""In-person""], ""follow_up"": true}"
Haryana,2022,Community Outreach,3965,3.15,Govt,"{""channels"": [""TV"", ""Online"", ""Radio""], ""follow_up"": false}"
Haryana,2022,Community Outreach,3024,1.06,University,"{'channels': ['Radio', 'In-person', 'Online', 'TV'], 'follow_up': None}"
Haryana,2022,Community Outreach,8971,3.1,Private,"{""channels"": [""Online"", ""Radio"", ""TV"", ""In-person""], ""follow_up"": true}"
Bihar,2016,TV Campaign,6508,2.5,Private,"{'channels': ['Radio', 'Online', 'TV'], 'follow_up': True}"
Bihar,2016,TV Campaign,4763,2.73,University,"{""channels"": [""TV""], ""follow_up"": null}"
Bihar,2016,TV Campaign,599,2.08,NGO,"{""channels"": [""TV""], ""follow_up"": true}"
Bihar,2016,TV Campaign,8571,4.04,Private,"{""channels"": [""In-person"", ""TV"", ""Online""], ""follow_up"": true}"
bihar,2017,School Workshop,8065,2.73,Private,"{""channels"": [""In-person""], ""follow_up"": true}"
BIHAR,2017,Awareness Camp,3866,2.31,University,"{'channels': ['Online', 'In-person'], 'follow_up': None}"
BIHAR,2018,Online Webinar,5645,1.01,University,"{""channels"": [""TV"", ""In-person""], ""follow_up"": true}"
Bihar,2019,Online Webinar,1722,4.73,Govt,"{""channels"": [""Online"", ""Radio"", ""In-person"", ""TV""], ""follow_up"": true}"
BIHAR,2019,TV Campaign,7176,1.56,Private,"{""channels"": [""In-person"", ""Radio"", ""Online""], ""follow_up"": true}"
Bihar,2020,School Workshop,8891,1.77,NGO,"{""channels"": [""In-person"", ""Radio""], ""follow_up"": null}"
BIHAR,2020,Online Webinar,5531,1.05,Private,"{'channels': ['TV', 'Radio'], 'follow_up': True}"
Bihar,2021,Community Outreach,5653,4.01,University,"{""channels"": [""Radio"", ""In-person"", ""Online"", ""TV""], ""follow_up"": true}"
bihar,2021,Awareness Camp,4096,3.23,Private,"{""channels"": [""TV""], ""follow_up"": true}"
Bihar,2021,TV Campaign,7712,2.33,Private,"{""channels"": [""Radio"", ""TV""], ""follow_up"": false}"
BIHAR,2021,Awareness Camp,9101,2.4,Govt,"{'channels': ['Radio', 'In-person', 'TV'], 'follow_up': None}"
bihar,2022,Awareness Camp,8422,2.67,University,"{""channels"": [""Radio""], ""follow_up"": true}"
bihar,2022,Online Webinar,2650,2.46,Govt,"{""channels"": [""Online"", ""Radio"", ""In-person""], ""follow_up"": true}"
Bihar,2022,Online Webinar,2741,3.59,University,"{""channels"": [""In-person"", ""TV"", ""Radio"", ""Online""], ""follow_up"": null}"
BIHAR,2022,Online Webinar,354,4.32,NGO,"{'channels': ['TV', 'In-person'], 'follow_up': None}"
UTTAR PRADESH,2016,TV Campaign,8487,4.28,NGO,"{""channels"": [""TV""], ""follow_up"": true}"
UTTAR PRADESH,2017,School Workshop,120,3.91,University,"{'channels': ['In-person'], 'follow_up': False}"
Uttar-Pradesh,2017,TV Campaign,9717,1.77,Private,"{""channels"": [""In-person"", ""Online""], ""follow_up"": true}"
Uttar-Pradesh,2017,Online Webinar,7080,1.92,Govt,"{""channels"": [""Online""], ""follow_up"": null}"
uttar pradesh,2018,Awareness Camp,5267,4.45,Govt,"{'channels': ['Radio', 'TV', 'In-person', 'Online'], 'follow_up': True}"
Uttar Pradesh,2018,Online Webinar,7746,1.14,Govt,"{""channels"": [""In-person"", ""TV"", ""Online"", ""Radio""], ""follow_up"": false}"
UttarPradesh,2018,Awareness Camp,5691,4.93,Govt,"{""channels"": [""TV"", ""Online"", ""Radio""], ""follow_up"": true}"
Uttar Pradesh,2018,Awareness Camp,2452,4.42,Private,"{""channels"": [""TV""], ""follow_up"": true}"
Uttar-Pradesh,2019,Awareness Camp,1765,1.37,Govt,"{""channels"": [""Online"", ""In-person"", ""Radio""], ""follow_up"": false}"
UTTAR PRADESH,2019,Awareness Camp,6915,1.58,NGO,"{""channels"": [""TV"", ""Radio"", ""Online""], ""follow_up"": null}"
Uttar-Pradesh,2019,TV Campaign,3427,3.99,NGO,"{""channels"": [""Radio""], ""follow_up"": null}"
UttarPradesh,2019,Community Outreach,9158,3.4,NGO,"{""channels"": [""Radio"", ""TV"", ""Online"", ""In-person""], ""follow_up"": true}"
UTTAR PRADESH,2020,Community Outreach,6847,4.93,NGO,"{""channels"": [""TV"", ""Online"", ""In-person"", ""Radio""], ""follow_up"": null}"
uttar pradesh,2021,Community Outreach,195,3.17,Private,"{'channels': ['Online'], 'follow_up': True}"
UTTAR PRADESH,2021,Online Webinar,3242,2.38,University,"{""channels"": [""Radio"", ""TV"", ""In-person"", ""Online""], ""follow_up"": true}"
UTTAR PRADESH,2021,School Workshop,1030,1.5,NGO,"{'channels': ['In-person'], 'follow_up': False}"
Uttar-Pradesh,2022,School Workshop,4151,4.4,Govt,"{""channels"": [""In-person"", ""Radio"", ""TV""], ""follow_up"": true}"
UttarPradesh,2022,TV Campaign,2807,1.42,University,"{""channels"": [""Online"", ""Radio"", ""In-person"", ""TV""], ""follow_up"": null}"
UttarPradesh,2022,Awareness Camp,2847,3.6,Private,"{""channels"": [""Radio"", ""In-person"", ""Online"", ""TV""], ""follow_up"": true}"
Madhya Pradesh,2016,Community Outreach,4919,4.18,Govt,"{'channels': ['Radio', 'TV', 'In-person'], 'follow_up': None}"
Madhya-Pradesh,2016,Community Outreach,789,2.1,Govt,"{'channels': ['In-person'], 'follow_up': None}"
MadhyaPradesh,2016,Community Outreach,3218,3.01,University,"{""channels"": [""In-person"", ""TV"", ""Radio"", ""Online""], ""follow_up"": true}"
MADHYA PRADESH,2017,Online Webinar,8012,2.75,Private,"{'channels': ['Online'], 'follow_up': None}"
Madhya Pradesh,2017,School Workshop,9840,4.07,University,"{""channels"": [""Radio"", ""Online""], ""follow_up"": false}"
MadhyaPradesh,2017,Online Webinar,6319,1.47,Private,"{'channels': ['Radio'], 'follow_up': None}"
Madhya Pradesh,2017,TV Campaign,5398,3.83,Govt,"{""channels"": [""Online""], ""follow_up"": null}"
MadhyaPradesh,2018,Community Outreach,7345,4.63,NGO,"{""channels"": [""In-person"", ""TV""], ""follow_up"": true}"
MADHYA PRADESH,2018,CommunityOutreach,5870,4.74,Private,"{""channels"": [""Radio""], ""follow_up"": true}"
Madhya-Pradesh,2018,TV Campaign,1192,4.55,NGO,"{""channels"": [""Radio"", ""TV"", ""Online""], ""follow_up"": true}"
Madhya Pradesh,2018,Online Webinar,2038,3.51,University,"{""channels"": [""In-person"", ""Radio""], ""follow_up"": true}"
Madhya Pradesh,2019,Online Webinar,7166,3.99,University,"{'channels': ['In-person', 'Online', 'TV'], 'follow_up': None}"
MadhyaPradesh,2019,Awareness Camp,2716,1.47,Govt,"{""channels"": [""TV"", ""In-person"", ""Radio""], ""follow_up"": null}"
Madhya-Pradesh,2019,School Workshop,7872,4.72,NGO,"{""channels"": [""In-person"", ""TV"", ""Online"", ""Radio""], ""follow_up"": true}"
madhya pradesh,2019,Community Outreach,1873,1.82,NGO,"{""channels"": [""Online"", ""Radio"", ""TV""], ""follow_up"": null}"
madhya pradesh,2020,Awareness Camp,3001,1.22,NGO,"{'channels': ['Online', 'TV'], 'follow_up': True}"
Madhya Pradesh,2020,School Workshop,3879,2.3,Govt,"{""channels"": [""In-person"", ""TV""], ""follow_up"": true}"
madhya pradesh,2020,Awareness Camp,2379,3.52,NGO,"{""channels"": [""Radio"", ""TV"", ""Online""], ""follow_up"": null}"
Madhya Pradesh,2021,TV Campaign,4997,3.53,Govt,"{""channels"": [""In-person"", ""Online"", ""TV""], ""follow_up"": null}"
Madhya-Pradesh,2021,School Workshop,3417,3.88,Govt,"{'channels': ['Online', 'In-person', 'TV'], 'follow_up': False}"
Madhya Praeesh,2022,Awareness Camp,2154,4.16,Private,"{'channels': ['Online'], 'follow_up': False}"
MADHYA PRADESH,2022,Online Webinar,1015,1.28,Govt,"{""channels"": [""Radio"", ""Online"", ""In-person"", ""TV""], ""follow_up"": null}"
Chhattisgarh,2016,School Workshop,9782,2.95,University,"{'channels': ['In-person', 'Online', 'Radio'], 'follow_up': True}"
Chhattisgarh,2017,TV Campaign,3354,4.31,Private,"{'channels': ['TV'], 'follow_up': True}"
Chhattisgarh,2018,School Workshop,1409,2.28,NGO,"{""channels"": [""TV"", ""Online""], ""follow_up"": true}"
CHHATTISGARH,2018,Online Webinar,9192,1.34,Govt,"{""channels"": [""Radio"", ""Online"", ""In-person""], ""follow_up"": true}"
Chhattisgarh,2018,Awareness Camp,1622,3.47,Govt,"{""channels"": [""TV"", ""Radio"", ""In-person"", ""Online""], ""follow_up"": true}"
Chhattisgarh,2019,TV Campaign,4434,2.36,University,"{'channels': ['Radio', 'TV', 'Online', 'In-person'], 'follow_up': None}"
Chhattisgarh,2019,Online Webinar,8276,4.08,NGO,"{""channels"": [""Radio""], ""follow_up"": true}"
Chhattisgarh,2020,Awareness Camp,8768,1.93,NGO,"{""channels"": [""TV"", ""Radio"", ""In-person"", ""Online""], ""follow_up"": true}"
Chhattisgarh,2020,Online Webinar,9060,4.13,NGO,"{""channels"": [""TV""], ""follow_up"": false}"
Chhattisgarh,2020,Online Webinar,8840,2.56,NGO,"{""channels"": [""In-person"", ""Radio""], ""follow_up"": false}"
Chhattisgarh,2020,School Workshop,5259,1.41,Govt,"{""channels"": [""TV"", ""Radio"", ""Online"", ""In-person""], ""follow_up"": false}"
Chhattisgarh,2021,TV Campaign,5548,3.68,NGO,"{""channels"": [""Radio"", ""TV"", ""Online"", ""In-person""], ""follow_up"": null}"
Chhattisgarh,2021,School Workshop,9899,2.19,Private,"{""channels"": [""Radio"", ""In-person"", ""TV""], ""follow_up"": true}"
chhattisgarh,2022,School Workshop,2142,3.21,NGO,"{""channels"": [""Radio"", ""In-person""], ""follow_up"": false}"
Chhattisgarh,2022,School Workshop,3135,2.4,University,"{'channels': ['TV', 'Radio'], 'follow_up': True}"
Chhattisgarh,2022,Online Webinar,1677,4.84,NGO,"{'channels': ['TV', 'Radio', 'In-person'], 'follow_up': True}"
Chhattisgarh,2022,Community Outreach,8509,3.93,University,"{""channels"": [""TV"", ""In-person"", ""Online"", ""Radio""], ""follow_up"": null}"
ODISHA,2016,Community Outreach,3296,4.16,Private,"{""channels"": [""TV"", ""In-person"", ""Radio"", ""Online""], ""follow_up"": true}"
Odisha,2016,TV Campaign,7507,4.4,Private,"{""channels"": [""TV"", ""Online"", ""Radio""], ""follow_up"": false}"
Odisha,2017,Community Outreach,2901,4.42,Govt,"{'channels': ['TV', 'In-person'], 'follow_up': None}"
Odisha,2017,TV Campaign,3762,2.18,Govt,"{'channels': ['TV', 'Online', 'In-person', 'Radio'], 'follow_up': None}"
odisha,2017,Online Webinar,5419,1.96,NGO,"{""channels"": [""Radio"", ""In-person"", ""Online""], ""follow_up"": false}"
odisha,2017,Online Webinar,5631,1.22,University,"{'channels': ['Radio'], 'follow_up': True}"
Odisha,2018,Community Outreach,2365,3.4,NGO,"{'channels': ['In-person', 'TV'], 'follow_up': None}"
Odisha,2018,School Workshop,1659,1.68,Govt,"{""channels"": [""In-person"", ""Online"", ""Radio"", ""TV""], ""follow_up"": true}"
Odisha,2019,Community Outreach,1243,4.4,Private,"{""channels"": [""TV"", ""In-person"", ""Radio"", ""Online""], ""follow_up"": false}"
Odisha,2019,School Workshop,9970,4.99,NGO,"{'channels': ['Online'], 'follow_up': None}"
Odisha,2020,Awareness Camp,2356,2.34,Govt,"{""channels"": [""Radio"", ""Online"", ""In-person""], ""follow_up"": null}"
Odisha,2020,Online Webinar,7878,3.14,NGO,"{""channels"": [""Online""], ""follow_up"": null}"
Odisha,2020,School Workshop,2503,1.98,University,"{""channels"": [""In-person""], ""follow_up"": false}"
Odisha,2020,School Workshop,3975,2.47,Private,"{""channels"": [""TV""], ""follow_up"": true}"
Odisha,2021,Community Outreach,7801,4.41,Private,"{""channels"": [""In-person"", ""Radio"", ""TV""], ""follow_up"": null}"
Odisha,2021,Community Outreach,3887,2.32,Govt,"{""channels"": [""TV""], ""follow_up"": true}"
ODISHA,2021,School Workshop,6464,1.63,NGO,"{""channels"": [""TV"", ""Radio""], ""follow_up"": null}"
Odisha,2021,TV Campaign,5827,4.57,NGO,"{""channels"": [""TV"", ""Radio""], ""follow_up"": true}"
Odisha,2022,TV Campaign,3724,4.31,Private,"{""channels"": [""Online"", ""Radio""], ""follow_up"": null}"
Odisha,2022,School Workshop,3377,1.29,Private,"{'channels': ['TV'], 'follow_up': None}"
WestBengal,2016,TV Campaign,8118,4.27,Private,"{""channels"": [""Radio""], ""follow_up"": false}"
WEST BENGAL,2016,School Workshop,435,4.19,NGO,"{""channels"": [""Radio"", ""In-person""], ""follow_up"": null}"
west bengal,2017,TV Campaign,2437,2.12,NGO,"{""channels"": [""TV"", ""In-person"", ""Radio"", ""Online""], ""follow_up"": null}"
West-Bengal,2017,Online Webinar,6571,1.83,Govt,"{'channels': ['Online', 'TV'], 'follow_up': True}"
West-Bengal,2017,School Workshop,9919,4.11,Govt,"{""channels"": [""Online"", ""Radio"", ""In-person""], ""follow_up"": false}"
WestBengal,2017,Online Webinar,6571,1.65,University,"{""channels"": [""TV"", ""Radio"", ""In-person"", ""Online""], ""follow_up"": true}"
West Bengal,2018,Awareness Camp,7091,1.66,NGO,"{""channels"": [""In-person"", ""Radio""], ""follow_up"": null}"
West-Bengal,2019,TV Campaign,9600,4.62,University,"{'channels': ['Online', 'In-person'], 'follow_up': None}"
west bengal,2019,School Workshop,9703,1.46,Govt,"{""channels"": [""In-person""], ""follow_up"": false}"
West Bengal,2019,TV Campaign,4418,1.17,NGO,"{""channels"": [""In-person""], ""follow_up"": false}"
West Bengal,2020,School Workshop,5444,1.5,University,"{""channels"": [""Online"", ""In-person"", ""TV""], ""follow_up"": true}"
West Bengal,2020,Online Webinar,4984,2.35,University,"{""channels"": [""In-person""], ""follow_up"": null}"
WEST BENGAL,2021,Awareness Camp,3760,2.58,Govt,"{'channels': ['Radio', 'In-person'], 'follow_up': True}"
west bengal,2021,Community Outreach,6914,1.44,University,"{'channels': ['Online', 'Radio', 'In-person', 'TV'], 'follow_up': True}"
WEST BENGAL,2021,OnlineWebinar,7952,4.85,Govt,"{'channels': ['TV', 'In-person'], 'follow_up': None}"
West-Bengal,2022,School Workshop,9670,4.33,NGO,"{""channels"": [""Radio"", ""Online"", ""TV""], ""follow_up"": null}"
West Bengal,2022,TV Campaign,721,4.03,NGO,"{""channels"": [""TV"", ""Radio"", ""Online"", ""In-person""], ""follow_up"": false}"
West Bengal,2022,Online Webinar,1918,3.21,NGO,"{""channels"": [""TV"", ""Radio"", ""In-person""], ""follow_up"": false}"
Assam,2016,School Workshop,9981,1.23,University,"{""channels"": [""Radio"", ""Online"", ""In-person""], ""follow_up"": false}"
Assam,2016,School Workshop,828,3.41,NGO,"{""channels"": [""Radio"", ""Online""], ""follow_up"": true}"
Assam,2016,TV Campaign,8936,1.27,NGO,"{'channels': ['Online', 'In-person'], 'follow_up': None}"
Assam,2016,Community Outreach,3898,1.94,NGO,"{'channels': ['TV', 'Online'], 'follow_up': None}"
Assam,2017,OnlineWebinar,6374,2.16,Private,"{""channels"": [""Radio"", ""Online"", ""In-person"", ""TV""], ""follow_up"": null}"
Assam,2017,School Workshop,4125,3.19,Private,"{""channels"": [""Online"", ""In-person""], ""follow_up"": null}"
Assam,2017,Community Outreach,2465,1.82,University,"{""channels"": [""Radio"", ""In-person"", ""TV"", ""Online""], ""follow_up"": true}"
Assam,2018,Awareness Camp,9858,2.56,Private,"{'channels': ['In-person', 'TV', 'Online'], 'follow_up': True}"
assam,2018,Online Webinar,2109,1.04,University,"{""channels"": [""Radio""], ""follow_up"": true}"
ASSAM,2018,Awareness Camp,428,1.94,Private,"{'channels': ['Radio', 'In-person', 'TV'], 'follow_up': False}"
ASSAM,2018,Online Webinar,7709,4.63,University,"{""channels"": [""Online""], ""follow_up"": null}"
Assam,2019,Community Outreach,8723,1.7,University,"{""channels"": [""Radio"", ""TV""], ""follow_up"": null}"
Assam,2019,School Workshop,9020,2.47,NGO,"{""channels"": [""Radio""], ""follow_up"": false}"
assam,2020,TV Campaign,7377,2.22,Govt,"{""channels"": [""Radio""], ""follow_up"": true}"
ASSAM,2020,TV Campaign,3261,2.21,University,"{""channels"": [""Radio""], ""follow_up"": true}"
ASSAM,2021,School Workshop,8847,1.71,Private,"{'channels': ['TV'], 'follow_up': True}"
Assam,2021,School Workshop,3150,1.43,Govt,"{""channels"": [""In-person""], ""follow_up"": false}"
Assam,2022,TV Campaign,429,5.0,Private,"{""channels"": [""In-person"", ""Online""], ""follow_up"": null}"
Jharkhand,2016,Online Webinar,5881,3.59,NGO,"{'channels': ['In-person', 'Radio'], 'follow_up': None}"
JHARKHAND,2016,TV Campaign,4131,4.62,NGO,"{'channels': ['In-person'], 'follow_up': True}"
Jharkhand,2016,School Workshop,2943,3.0,Private,"{""channels"": [""TV"", ""Online"", ""Radio"", ""In-person""], ""follow_up"": null}"
Jharkhand,2017,School Workshop,2958,1.67,Govt,"{'channels': ['Radio'], 'follow_up': None}"
JHARKHAND,2017,TV Campaign,1922,1.89,NGO,"{""channels"": [""Radio""], ""follow_up"": true}"
jharkhand,2017,School Workshop,7963,1.9,Private,"{""channels"": [""Radio"", ""Online"", ""In-person""], ""follow_up"": true}"
JHARKHAND,2017,Awareness Camp,7972,4.58,University,"{""channels"": [""In-person"", ""Online""], ""follow_up"": false}"
Jharkhand,2018,Awareness Camp,9721,2.38,NGO,"{'channels': ['In-person', 'Online'], 'follow_up': False}"
Jharkhand,2018,TV Campaign,990,3.33,Govt,"{""channels"": [""In-person"", ""TV"", ""Online""], ""follow_up"": null}"
jharkhand,2019,Awareness Camp,2590,2.47,Private,"{""channels"": [""Radio"", ""Online""], ""follow_up"": true}"
jharkhand,2020,Online Webinar,9517,3.27,NGO,"{""channels"": [""Radio"", ""In-person"", ""TV"", ""Online""], ""follow_up"": null}"
JHARKHAND,2020,TV Campaign,9498,3.41,NGO,"{""channels"": [""Online""], ""follow_up"": null}"
Jharkhand,2020,Community Outreach,9095,4.09,Govt,"{'channels': ['TV', 'In-person', 'Online', 'Radio'], 'follow_up': True}"
Jharkhand,2020,Awareness Camp,7469,3.85,Govt,"{""channels"": [""Online""], ""follow_up"": true}"
Jharkhand,2021,School Workshop,3046,3.19,Govt,"{""channels"": [""Online"", ""TV""], ""follow_up"": null}"
Jharkhand,2021,Online Webinar,1325,2.09,NGO,"{""channels"": [""TV"", ""Radio"", ""Online"", ""In-person""], ""follow_up"": null}"
Jharkhand,2021,Awareness Camp,8160,3.43,Private,"{""channels"": [""In-person"", ""Radio"", ""TV""], ""follow_up"": null}"
Jharkhand,2022,Online Webinar,3508,1.35,Govt,"{""channels"": [""Online"", ""In-person"", ""TV""], ""follow_up"": true}"
Jharkhand,2022,TV Campaign,2536,2.58,University,"{""channels"": [""In-person"", ""Radio"", ""Online""], ""follow_up"": null}"
jharkhand,2022,Community Outreach,8363,3.97,Private,"{""channels"": [""Online"", ""In-person"", ""TV""], ""follow_up"": null}"
JHARKHAND,2022,Awareness Camp,9494,2.38,University,"{""channels"": [""Radio"", ""Online""], ""follow_up"": null}"
Uttarakhand,2016,Online Webinar,1218,4.73,University,"{""channels"": [""Online""], ""follow_up"": true}"
Uttarakhand,2016,Awareness Camp,5542,1.71,Private,"{'channels': ['In-person'], 'follow_up': True}"
UTTARAKHAND,2016,Online Webinar,703,2.07,University,"{'channels': ['TV', 'In-person'], 'follow_up': None}"
UTTARAKHAND,2016,School Workshop,8978,3.23,Govt,"{""channels"": [""TV"", ""Radio"", ""Online"", ""In-person""], ""follow_up"": false}"
uttarakhand,2017,TV Campaign,693,4.19,Private,"{""channels"": [""TV"", ""Radio"", ""In-person"", ""Online""], ""follow_up"": false}"
Uttarakhand,2017,OnlineWebinar,430,1.85,University,"{""channels"": [""Radio"", ""Online""], ""follow_up"": false}"
Uttarakhand,2017,TV Campaign,5668,1.41,Govt,"{""channels"": [""TV"", ""Radio"", ""In-person""], ""follow_up"": true}"
Uttarakhand,2018,School Workshop,5082,1.65,University,"{""channels"": [""Radio"", ""TV""], ""follow_up"": null}"
UTTARAKHAND,2018,TV Campaign,6376,4.78,University,"{'channels': ['Online', 'Radio', 'In-person'], 'follow_up': None}"
Uttarakhand,2018,Community Outreach,3473,4.4,Govt,"{""channels"": [""In-person"", ""Online"", ""TV"", ""Radio""], ""follow_up"": false}"
Uttarakhand,2019,Online Webinar,2763,1.58,Govt,"{""channels"": [""Radio"", ""Online""], ""follow_up"": true}"
Uttarakhand,2020,Online Webinar,4941,4.85,Private,"{'channels': ['Online', 'In-person', 'Radio'], 'follow_up': None}"
Uttarakhand,2021,TV Campaign,7531,4.27,Govt,"{""channels"": [""In-person"", ""Online""], ""follow_up"": null}"
Uttarakhand,2021,Awareness Camp,6845,4.28,NGO,"{""channels"": [""In-person"", ""TV"", ""Radio""], ""follow_up"": null}"
UTTARAKHAND,2021,TV Campaign,6368,2.67,NGO,"{""channels"": [""TV"", ""Radio""], ""follow_up"": false}"
Uttarakhand,2022,School Workshop,8266,3.51,University,"{""channels"": [""In-person"", ""Radio""], ""follow_up"": null}"
UTTARAKHAND,2022,School Workshop,9166,3.88,Govt,"{'channels': ['Radio'], 'follow_up': False}"
Uttarakhand,2022,TV Campaign,9957,2.39,NGO,"{""channels"": [""In-person"", ""Radio"", ""TV"", ""Online""], ""follow_up"": null}"
uttarakhand,2022,TV Campaign,8681,4.0,University,"{""channels"": [""Radio"", ""In-person"", ""Online"", ""TV""], ""follow_up"": false}"
Himachal Pradesh,2016,TV Campaign,5273,2.1,Private,"{""channels"": [""Radio"", ""In-person"", ""Online"", ""TV""], ""follow_up"": true}"
HimachalPradesh,2016,School Workshop,1362,4.25,NGO,"{'channels': ['Radio', 'In-person'], 'follow_up': False}"
Himachal Pradesh,2017,TV Campaign,8695,1.4,Govt,"{""channels"": [""Radio"", ""TV"", ""In-person""], ""follow_up"": true}"
HIMACHAL PRADESH,2017,Awareness Camp,2387,2.25,Private,"{""channels"": [""TV"", ""In-person"", ""Radio""], ""follow_up"": true}"
Himachal-Pradesh,2017,OnlineWebinar,4291,3.67,NGO,"{""channels"": [""Online"", ""In-person"", ""TV""], ""follow_up"": false}"
Himachal-Pradesh,2017,Community Outreach,2330,3.69,Govt,"{'channels': ['Online', 'Radio', 'TV'], 'follow_up': True}"
himachal pradesh,2018,School Workshop,6718,1.91,Private,"{""channels"": [""TV"", ""In-person""], ""follow_up"": true}"
HIMACHAL PRADESH,2019,School Workshop,3349,2.35,Govt,"{""channels"": [""In-person"", ""TV"", ""Online"", ""Radio""], ""follow_up"": null}"
Himachal-Pradesh,2020,Awareness Camp,6064,4.78,University,"{""channels"": [""Radio"", ""In-person"", ""TV"", ""Online""], ""follow_up"": false}"
himachal pradesh,2020,TV Campaign,8942,3.61,University,"{""channels"": [""TV"", ""Online"", ""Radio""], ""follow_up"": null}"
Himachal-Pradesh,2021,Community Outreach,875,4.4,NGO,"{'channels': ['Radio', 'Online', 'In-person'], 'follow_up': False}"
HIMACHAL PRADESH,2021,Community Outreach,1013,3.37,Private,"{""channels"": [""Radio""], ""follow_up"": true}"
Himachal-Pradesh,2022,Awareness Camp,717,2.57,NGO,"{'channels': ['In-person'], 'follow_up': True}"
HimachalPradesh,2022,Awareness Camp,967,4.05,Govt,"{""channels"": [""Online"", ""In-person"", ""Radio"", ""TV""], ""follow_up"": null}"
Goa,2016,TV Campaign,9920,2.49,University,"{'channels': ['TV'], 'follow_up': False}"
Goa,2017,Awareness Camp,9284,2.49,University,"{'channels': ['In-person'], 'follow_up': True}"
GOA,2017,Online Webinar,8836,3.73,NGO,"{""channels"": [""In-person"", ""Radio""], ""follow_up"": null}"
Goa,2017,Awareness Camp,8575,1.08,Govt,"{""channels"": [""TV"", ""Radio"", ""Online"", ""In-person""], ""follow_up"": false}"
GOA,2017,Online Webinar,9857,3.95,NGO,"{""channels"": [""Radio"", ""Online"", ""TV""], ""follow_up"": null}"
GOA,2018,Online Webinar,5947,3.68,University,"{""channels"": [""In-person""], ""follow_up"": true}"
goa,2019,Community Outreach,7297,2.26,NGO,"{'channels': ['Radio', 'Online'], 'follow_up': False}"
Goa,2020,School Workshop,6172,4.68,Private,"{'channels': ['TV', 'Online', 'In-person'], 'follow_up': True}"
GOA,2020,Awareness Camp,2617,4.84,Govt,"{""channels"": [""In-person"", ""TV"", ""Online"", ""Radio""], ""follow_up"": true}"
Goa,2021,Community Outreach,5029,1.41,University,"{'channels': ['In-person', 'TV', 'Online'], 'follow_up': None}"
Goa,2021,TV Campaign,2917,4.52,Private,"{""channels"": [""Online""], ""follow_up"": null}"
goa,2022,Awareness Camp,6226,2.99,Govt,"{""channels"": [""TV"", ""Radio"", ""In-person"", ""Online""], ""follow_up"": true}"
Goa,2022,TV Campaign,2804,4.56,Private,"{'channels': ['Radio'], 'follow_up': False}"
GOA,2022,TV Campaign,5125,3.51,NGO,"{'channels': ['Radio'], 'follow_up': False}"
Tripura,2016,Community Outreach,329,4.6,NGO,"{""channels"": [""TV"", ""In-person""], ""follow_up"": null}"
Tripura,2016,Community Outreach,684,4.64,Private,"{'channels': ['TV'], 'follow_up': None}"
tripura,2016,School Workshop,9062,2.36,Private,"{""channels"": [""TV""], ""follow_up"": false}"
TRIPURA,2017,Awareness Camp,6835,1.1,University,"{""channels"": [""In-person"", ""TV"", ""Radio"", ""Online""], ""follow_up"": null}"
Tripura,2017,School Workshop,7227,1.97,Govt,"{""channels"": [""Online"", ""Radio"", ""In-person"", ""TV""], ""follow_up"": true}"
Tripura,2018,Community Outreach,1563,2.81,NGO,"{""channels"": [""Radio"", ""In-person"", ""Online"", ""TV""], ""follow_up"": false}"
Tripura,2018,Awareness Camp,2632,3.47,Govt,"{""channels"": [""In-person""], ""follow_up"": null}"
Tripura,2018,Online Webinar,7062,1.06,Private,"{'channels': ['TV', 'Online', 'In-person', 'Radio'], 'follow_up': False}"
Tripura,2019,Online Webinar,9936,1.09,NGO,"{""channels"": [""Online"", ""In-person"", ""TV"", ""Radio""], ""follow_up"": false}"
TRIPURA,2019,TV Campaign,9255,2.91,NGO,"{""channels"": [""TV"", ""Online""], ""follow_up"": null}"
Tripura,2019,Online Webinar,1482,2.32,University,"{""channels"": [""In-person"", ""Radio""], ""follow_up"": true}"
Tripura,2020,Awareness Camp,1364,1.51,University,"{'channels': ['Radio', 'In-person', 'Online'], 'follow_up': True}"
Tripura,2020,Community Outreach,2100,2.88,Govt,"{""channels"": [""Radio"", ""Online"", ""In-person"", ""TV""], ""follow_up"": false}"
Tripura,2020,School Workshop,9699,1.43,Private,"{'channels': ['TV'], 'follow_up': True}"
tripura,2020,School Workshop,8224,3.52,Private,"{""channels"": [""Radio"", ""In-person"", ""TV""], ""follow_up"": null}"
TRIPURA,2021,TV Campaign,8426,3.37,Govt,"{""channels"": [""Online""], ""follow_up"": false}"
Tripura,2021,Online Webinar,8961,3.54,Govt,"{'channels': ['Radio', 'TV'], 'follow_up': False}"
tripura,2022,TV Campaign,6453,2.49,Govt,"{""channels"": [""TV"", ""In-person"", ""Online"", ""Radio""], ""follow_up"": true}"
Tripura,2022,Community Outreach,6605,3.47,Govt,"{""channels"": [""Online"", ""In-person""], ""follow_up"": false}"
MANIPUR,2016,TV Campaign,4397,4.76,NGO,"{""channels"": [""Online"", ""Radio"", ""In-person""], ""follow_up"": true}"
Manipur,2016,Online Webinar,6581,2.89,Govt,"{""channels"": [""Radio"", ""In-person"", ""Online""], ""follow_up"": null}"
Manipur,2016,School Workshop,9039,4.26,Govt,"{'channels': ['Radio', 'In-person', 'Online'], 'follow_up': None}"
MANIPUR,2017,Community Outreach,2696,1.72,NGO,"{""channels"": [""Radio"", ""Online""], ""follow_up"": true}"
MANIPUR,2018,School Workshop,6255,4.45,Private,"{'channels': ['TV', 'Radio', 'Online', 'In-person'], 'follow_up': None}"
Manipur,2018,Online Webinar,7969,4.19,Govt,"{""channels"": [""Online"", ""TV""], ""follow_up"": true}"
Manipur,2018,Awareness Camp,9845,1.26,University,"{""channels"": [""TV"", ""In-person""], ""follow_up"": null}"
Manipur,2019,Online Webinar,3368,4.78,University,"{""channels"": [""Online"", ""TV"", ""Radio"", ""In-person""], ""follow_up"": false}"
manipur,2019,OnlineWebinar,294,1.07,NGO,"{""channels"": [""Radio"", ""In-person"", ""Online""], ""follow_up"": true}"
Manipur,2020,Community Outreach,3636,3.94,University,"{""channels"": [""In-person"", ""Radio"", ""Online""], ""follow_up"": null}"
Manipur,2020,TV Campaign,286,3.84,Private,"{'channels': ['Radio'], 'follow_up': None}"
Manipur,2020,School Workshop,637,3.09,Govt,"{""channels"": [""TV"", ""Online""], ""follow_up"": true}"
Manipur,2020,Online Webinar,6600,3.88,University,"{""channels"": [""Radio"", ""In-person"", ""TV""], ""follow_up"": false}"
MANIPUR,2021,TV Campaign,2316,1.19,Private,"{""channels"": [""Radio""], ""follow_up"": null}"
manipur,2021,Awareness Camp,1865,2.29,Govt,"{'channels': ['Online', 'Radio', 'TV'], 'follow_up': None}"
Manipur,2021,TV Campaign,822,2.97,Govt,"{""channels"": [""Radio"", ""Online"", ""In-person"", ""TV""], ""follow_up"": true}"
Manipjr,2021,Online Webinar,6680,1.57,Private,"{""channels"": [""TV""], ""follow_up"": true}"
Manipur,2022,Community Outreach,1736,2.83,Govt,"{'channels': ['TV', 'Radio', 'Online', 'In-person'], 'follow_up': False}"
Manipur,2022,Community Outreach,703,1.14,Govt,"{""channels"": [""Online"", ""Radio""], ""follow_up"": null}"
MANIPUR,2022,TV Campaign,108,2.08,NGO,"{'channels': ['Online'], 'follow_up': False}"
MEGHALAYA,2016,School Workshop,8802,2.75,Private,"{""channels"": [""TV"", ""Online""], ""follow_up"": true}"
MEGHALAYA,2016,School Workshop,6379,4.69,Private,"{""channels"": [""In-person"", ""Online""], ""follow_up"": true}"
meghalaya,2017,TVCampaign,5851,1.32,NGO,"{'channels': ['Online', 'Radio', 'In-person', 'TV'], 'follow_up': None}"
Meghalaya,2018,Awareness Camp,8269,4.81,University,"{'channels': ['TV', 'In-person'], 'follow_up': True}"
MEGHALAYA,2018,TV Campaign,5257,3.28,NGO,"{'channels': ['Radio', 'TV', 'Online', 'In-person'], 'follow_up': None}"
Meghalaya,2018,Community Outreach,266,3.78,University,"{'channels': ['Radio', 'TV', 'Online'], 'follow_up': False}"
MEGHALAYA,2018,Awareness Camp,5351,1.48,NGO,"{""channels"": [""In-person"", ""TV""], ""follow_up"": true}"
Meghalaya,2019,Online Webinar,2254,1.15,Govt,"{""channels"": [""Online""], ""follow_up"": null}"
Meghalaya,2020,TV Campaign,9671,3.3,NGO,"{""channels"": [""In-person"", ""TV"", ""Radio"", ""Online""], ""follow_up"": false}"
Meghalaya,2021,School Workshop,1635,1.4,Govt,"{""channels"": [""Online"", ""TV"", ""In-person""], ""follow_up"": null}"
meghalaya,2021,TV Campaign,3685,4.98,University,"{""channels"": [""Online""], ""follow_up"": true}"
Meghalaya,2022,Community Outreach,2249,4.83,Private,"{""channels"": [""In-person"", ""Online"", ""TV""], ""follow_up"": true}"
Meghalaya,2022,Awareness Camp,5195,1.03,NGO,"{""channels"": [""Radio""], ""follow_up"": true}"
Meghalaya,2022,School Workshop,2764,4.75,University,"{""channels"": [""TV"", ""Radio"", ""In-person""], ""follow_up"": true}"
MIZORAM,2016,School Workshop,9890,4.7,University,"{""channels"": [""Online"", ""Radio""], ""follow_up"": null}"
Mizoram,2016,Community Outreach,2845,3.25,Govt,"{'channels': ['TV', 'In-person', 'Radio'], 'follow_up': None}"
Mizoram,2017,School Workshop,3178,1.17,University,"{'channels': ['Radio', 'In-person', 'Online'], 'follow_up': None}"
MIZORAM,2018,Awareness Camp,9399,4.88,Private,"{""channels"": [""Online"", ""Radio""], ""follow_up"": false}"
mizoram,2018,Community Outreach,8606,4.26,Private,"{""channels"": [""In-person""], ""follow_up"": true}"
mizoram,2018,Awareness Camp,2800,4.97,Govt,"{'channels': ['In-person', 'TV', 'Radio'], 'follow_up': True}"
mizoram,2018,Online Webinar,8511,2.23,University,"{""channels"": [""Online""], ""follow_up"": false}"
mizoram,2019,TV Campaign,6301,4.92,NGO,"{'channels': ['TV', 'In-person', 'Online'], 'follow_up': None}"
Mizoram,2019,Community Outreach,9259,3.45,Private,"{""channels"": [""Radio"", ""In-person"", ""TV""], ""follow_up"": true}"
mizoram,2019,TV Campaign,6878,1.55,Govt,"{""channels"": [""TV"", ""Online""], ""follow_up"": null}"
Mizoram,2020,School Workshop,1199,3.66,University,"{""channels"": [""In-person"", ""Online""], ""follow_up"": true}"
MIZORAM,2021,TV Campaign,1088,3.87,Govt,"{'channels': ['In-person', 'Online', 'Radio', 'TV'], 'follow_up': None}"
mizoram,2022,CommunityOutreach,1425,1.94,Govt,"{""channels"": [""Radio""], ""follow_up"": true}"
Mizoram,2022,Community Outreach,7279,3.53,NGO,"{'channels': ['TV', 'Radio', 'Online', 'In-person'], 'follow_up': None}"
mizoram,2022,School Workshop,7677,1.31,Private,"{""channels"": [""TV"", ""Online"", ""Radio"", ""In-person""], ""follow_up"": true}"
Mizoram,2022,Awareness Camp,5119,3.91,NGO,"{'channels': ['Online'], 'follow_up': None}"
NAGALAND,2016,Community Outreach,266,1.73,Govt,"{""channels"": [""Radio"", ""In-person"", ""TV"", ""Online""], ""follow_up"": true}"
Nagaland,2016,Community Outreach,3754,3.1,Private,"{'channels': ['In-person', 'Radio', 'Online', 'TV'], 'follow_up': False}"
Nagaland,2016,Awareness Camp,3786,4.04,University,"{""channels"": [""TV"", ""Radio""], ""follow_up"": null}"
nagaland,2017,School Workshop,7208,1.51,University,"{""channels"": [""Online""], ""follow_up"": false}"
nagaland,2017,TV Campaign,5967,1.98,Private,"{""channels"": [""In-person"", ""TV""], ""follow_up"": false}"
nagaland,2018,Community Outreach,7795,2.76,University,"{'channels': ['Radio'], 'follow_up': None}"
Nagaland,2018,TV Campaign,67,2.91,Govt,"{""channels"": [""Radio"", ""Online"", ""In-person"", ""TV""], ""follow_up"": false}"
Nagaland,2018,Community Outreach,7155,2.16,Private,"{""channels"": [""In-person"", ""Online"", ""TV""], ""follow_up"": null}"
Nagaland,2018,Online Webinar,4668,3.37,Private,"{'channels': ['In-person', 'Radio', 'TV'], 'follow_up': None}"
Nagaland,2019,Awareness Camp,9239,2.41,University,"{""channels"": [""Online""], ""follow_up"": false}"
Nagaland,2019,Community Outreach,4744,4.04,University,"{""channels"": [""TV"", ""In-person"", ""Radio""], ""follow_up"": null}"
Nagaland,2020,School Workshop,1741,1.48,Private,"{""channels"": [""In-person"", ""TV"", ""Radio""], ""follow_up"": null}"
Nagaland,2020,Awareness Camp,9617,4.12,Govt,"{""channels"": [""TV"", ""In-person"", ""Online""], ""follow_up"": true}"
nagaland,2021,Community Outreach,7825,4.38,Private,"{""channels"": [""Radio""], ""follow_up"": null}"
Nagaland,2022,School Workshop,9515,1.21,NGO,"{""channels"": [""Online"", ""TV"", ""Radio"", ""In-person""], ""follow_up"": false}"
SIKKIM,2016,Online Webinar,3257,4.82,Govt,"{""channels"": [""TV"", ""In-person""], ""follow_up"": null}"
SIKKIM,2017,Community Outreach,1766,2.77,Govt,"{""channels"": [""TV"", ""Radio"", ""Online""], ""follow_up"": false}"
Sikkim,2017,Awareness Camp,4609,3.17,NGO,"{""channels"": [""TV"", ""Online"", ""In-person"", ""Radio""], ""follow_up"": true}"
Sikkim,2017,School Workshop,7088,3.02,Govt,"{'channels': ['Online', 'TV', 'Radio', 'In-person'], 'follow_up': False}"
Sikkim,2017,TV Campaign,9687,2.37,University,"{""channels"": [""In-person""], ""follow_up"": true}"
Sikkim,2018,Online Webinar,6862,3.31,NGO,"{""channels"": [""Radio"", ""TV"", ""Online"", ""In-person""], ""follow_up"": true}"
Sikkim,2019,TV Campaign,5305,3.34,University,"{'channels': ['Online'], 'follow_up': False}"
sikkim,2019,TV Campaign,4715,3.61,NGO,"{'channels': ['In-person'], 'follow_up': True}"
sikkim,2019,TV Campaign,1929,2.46,Private,"{""channels"": [""TV"", ""Online"", ""In-person""], ""follow_up"": null}"
Sikkim,2020,Awareness Camp,7930,3.06,NGO,"{'channels': ['Online', 'TV', 'In-person', 'Radio'], 'follow_up': False}"
Sikkim,2020,Community Outreach,2696,2.4,Govt,"{""channels"": [""TV"", ""In-person"", ""Online"", ""Radio""], ""follow_up"": false}"
Sikkim,2020,School Workshop,1902,1.92,Govt,"{'channels': ['Online', 'TV'], 'follow_up': True}"
Sikkim,2020,TV Campaign,6409,1.05,NGO,"{""channels"": [""Online"", ""Radio"", ""TV""], ""follow_up"": true}"
Sikkim,2021,SchoolWorkshop,1426,3.04,Private,"{""channels"": [""Online"", ""Radio""], ""follow_up"": true}"
sikkim,2021,School Workshop,722,1.24,University,"{""channels"": [""In-person"", ""Radio""], ""follow_up"": true}"
Sikkim,2022,School Workshop,5802,1.99,University,"{'channels': ['TV', 'In-person'], 'follow_up': True}"
Sikkim,2022,Community Outreach,4135,4.97,University,"{""channels"": [""In-person"", ""TV""], ""follow_up"": true}"
Sikkim,2022,Online Webinar,443,4.39,Private,"{""channels"": [""Online"", ""TV"", ""Radio"", ""In-person""], ""follow_up"": null}"
sikkim,2022,Online Webinar,7373,4.61,Private,"{""channels"": [""Radio"", ""Online"", ""In-person"", ""TV""], ""follow_up"": true}"
ArunachalPradesh,2016,TV Campaign,1856,3.7,Private,"{""channels"": [""In-person""], ""follow_up"": null}"
Arunachal Pradesh,2016,Community Outreach,6220,3.04,NGO,"{'channels': ['Radio', 'Online'], 'follow_up': None}"
ARUNACHAL PRADESH,2016,School Workshop,5711,4.26,NGO,"{'channels': ['Radio', 'TV', 'Online', 'In-person'], 'follow_up': False}"
Arunachal-Pradesh,2016,Community Outreach,8849,1.83,Govt,"{""channels"": [""Online""], ""follow_up"": false}"
Arunachal-Pradesh,2017,School Workshop,7735,2.11,Govt,"{""channels"": [""Online"", ""Radio"", ""TV"", ""In-person""], ""follow_up"": null}"
arunachal pradesh,2018,TV Campaign,1600,3.91,NGO,"{""channels"": [""Radio"", ""TV""], ""follow_up"": false}"
arunachal pradesh,2019,Online Webinar,6134,1.76,Private,"{""channels"": [""Online"", ""Radio"", ""TV""], ""follow_up"": null}"
Arunachal-Pradesh,2019,School Workshop,8738,1.6,University,"{""channels"": [""Radio"", ""In-person"", ""Online"", ""TV""], ""follow_up"": true}"
Arunachal-Pradesh,2019,Online Webinar,6347,1.74,Private,"{'channels': ['In-person', 'Radio', 'TV'], 'follow_up': None}"
Arunachal-Pradesh,2020,TVCampaign,53,2.8,NGO,"{""channels"": [""TV"", ""In-person"", ""Online""], ""follow_up"": true}"
arunachal pradesh,2020,School Workshop,7268,3.92,NGO,"{'channels': ['Online'], 'follow_up': True}"
Arunachal-Pradesh,2020,Online Webinar,9381,4.5,University,"{'channels': ['In-person'], 'follow_up': None}"
Arunachal Pradesh,2021,School Workshop,4918,3.0,Govt,"{""channels"": [""In-person"", ""TV"", ""Online""], ""follow_up"": true}"
Arunamhal Pradesh,2021,Awareness Camp,2301,3.4,Private,"{""channels"": [""TV"", ""Radio""], ""follow_up"": false}"
ArunachalPradesh,2021,School Workshop,7032,4.77,Private,"{""channels"": [""Radio""], ""follow_up"": null}"
Arunachal Pradesh,2021,Awareness Camp,5597,3.02,University,"{""channels"": [""Online"", ""Radio"", ""TV"", ""In-person""], ""follow_up"": true}"
Arunachal Pradesh,2022,Online Webinar,1256,3.88,Private,"{""channels"": [""TV""], ""follow_up"": null}"
ARUNACHAL PRADESH,2022,TV Campaign,8798,3.91,University,"{""channels"": [""Radio"", ""Online"", ""In-person"", ""TV""], ""follow_up"": true}"
Arunachal Pradesh,2022,TV Campaign,4121,4.32,Govt,"{""channels"": [""Radio"", ""In-person"", ""Online"", ""TV""], ""follow_up"": null}"
Delhi,2016,Community Outreach,3741,3.36,University,"{""channels"": [""Radio""], ""follow_up"": true}"
Delhi,2017,Online Webinar,9455,3.1,University,"{""channels"": [""In-person"", ""Online"", ""TV""], ""follow_up"": null}"
Delhi,2017,Online Webinar,7826,4.89,NGO,"{'channels': ['In-person'], 'follow_up': False}"
DELHI,2017,Online Webinar,7206,4.63,University,"{'channels': ['TV', 'In-person', 'Radio'], 'follow_up': True}"
DELHI,2017,School Workshop,1574,4.57,NGO,"{""channels"": [""Radio""], ""follow_up"": false}"
delhi,2018,Community Outreach,4464,4.85,University,"{""channels"": [""Radio""], ""follow_up"": null}"
Delhi,2019,Community Outreach,8654,2.82,Govt,"{'channels': ['Online', 'In-person', 'TV', 'Radio'], 'follow_up': True}"
Delhi,2020,Awareness Camp,4406,2.18,Govt,"{""channels"": [""In-person"", ""TV"", ""Radio"", ""Online""], ""follow_up"": false}"
DELHI,2021,Online Webinar,3746,1.48,NGO,"{""channels"": [""Radio"", ""Online"", ""TV""], ""follow_up"": null}"
Delhi,2022,TV Campaign,6242,3.21,Govt,"{'channels': ['Radio'], 'follow_up': None}"
delhi,2022,TV Campaign,3446,3.94,NGO,"{""channels"": [""TV"", ""Online"", ""Radio""], ""follow_up"": true}"
Jammu-&-Kashmir,2016,School Workshop,240,2.36,Private,"{""channels"": [""TV"", ""Radio""], ""follow_up"": false}"
Jammu & Kashmir,2016,School Workshop,9404,3.69,Private,"{""channels"": [""Radio"", ""Online"", ""TV"", ""In-person""], ""follow_up"": null}"
JAMMU & KASHMIR,2017,School Workshop,5880,1.47,Govt,"{'channels': ['TV', 'Radio'], 'follow_up': False}"
Jammu-&-Kashmir,2017,Awareness Camp,6727,4.43,University,"{'channels': ['In-person', 'TV'], 'follow_up': False}"
JAMMU & KASHMIR,2017,Online Webinar,6571,3.01,NGO,"{'channels': ['TV', 'Online'], 'follow_up': None}"
JAMMU & KASHMIR,2018,Awareness Camp,7003,1.61,Private,"{""channels"": [""Radio"", ""Online"", ""TV"", ""In-person""], ""follow_up"": null}"
Jammu&Kashmir,2019,Community Outreach,4308,2.07,Private,"{'channels': ['Radio'], 'follow_up': False}"
Jammu & Kashmir,2019,Online Webinar,2229,3.8,Private,"{""channels"": [""In-person"", ""Online""], ""follow_up"": false}"
jammu & kashmir,2019,Awareness Camp,2823,3.96,NGO,"{'channels': ['In-person'], 'follow_up': False}"
JAMMU & KASHMIR,2020,TV Campaign,5581,3.34,Private,"{""channels"": [""TV"", ""Radio""], ""follow_up"": null}"
Jammu-&-Kashmir,2021,Community Outreach,4816,2.75,University,"{""channels"": [""TV"", ""Radio""], ""follow_up"": true}"
Jammu-&-Kashmir,2021,TV Campaign,9023,2.48,Private,"{""channels"": [""In-person"", ""TV"", ""Online"", ""Radio""], ""follow_up"": false}"
Jammu & Kashmir,2021,Awareness Camp,4716,3.7,NGO,"{'channels': ['Online', 'In-person'], 'follow_up': False}"
jammu & kashmir,2022,Community Outreach,7443,4.91,NGO,"{""channels"": [""Online"", ""TV"", ""In-person""], ""follow_up"": true}"
Jammu & Kashmir,2022,School Workshop,1403,4.66,NGO,"{""channels"": [""Radio""], ""follow_up"": null}"
Puducherry,2016,Online Webinar,1215,2.58,University,"{""channels"": [""TV"", ""Online"", ""In-person"", ""Radio""], ""follow_up"": null}"
Puducherry,2016,Community Outreach,3860,1.36,Govt,"{'channels': ['In-person', 'Online', 'TV', 'Radio'], 'follow_up': True}"
Puducherry,2016,School Workshop,9829,3.67,NGO,"{""channels"": [""Radio"", ""TV""], ""follow_up"": true}"
Puducherry,2016,Awareness Camp,2235,4.56,NGO,"{""channels"": [""In-person"", ""Online""], ""follow_up"": false}"
PUDUCHERRY,2017,Awareness Camp,6194,2.73,University,"{""channels"": [""Online""], ""follow_up"": null}"
Puducherry,2017,School Workshop,4236,1.49,Private,"{""channels"": [""In-person"", ""Online"", ""Radio"", ""TV""], ""follow_up"": true}"
PUDUCHERRY,2017,Awareness Camp,2361,4.99,Govt,"{""channels"": [""Radio"", ""Online"", ""In-person""], ""follow_up"": null}"
puducherry,2018,Online Webinar,5867,4.12,University,"{""channels"": [""Online"", ""Radio"", ""In-person""], ""follow_up"": null}"
Puducherry,2019,Awareness Camp,7979,2.66,Govt,"{""channels"": [""TV"", ""Online""], ""follow_up"": true}"
Puducherry,2019,Online Webinar,2478,4.68,NGO,"{""channels"": [""Radio"", ""TV"", ""In-person"", ""Online""], ""follow_up"": false}"
Puducherry,2020,TV Campaign,1124,1.2,Private,"{""channels"": [""Online"", ""TV"", ""Radio""], ""follow_up"": false}"
PUDUCHERRY,2020,Community Outreach,4838,1.75,NGO,"{""channels"": [""TV"", ""Radio"", ""In-person""], ""follow_up"": true}"
Puducherry,2020,Awareness Camp,8708,1.91,Private,"{""channels"": [""In-person"", ""TV"", ""Radio"", ""Online""], ""follow_up"": true}"
Puducherry,2020,TV Campaign,4202,4.47,NGO,"{""channels"": [""Online""], ""follow_up"": null}"
PUDUCHERRY,2021,Online Webinar,2680,2.42,Private,"{""channels"": [""Online"", ""Radio"", ""TV""], ""follow_up"": true}"
Puducherry,2021,School Workshop,1236,3.41,Private,"{""channels"": [""Radio""], ""follow_up"": true}"
puducherry,2021,Online Webinar,6408,1.25,Private,"{""channels"": [""Radio"", ""Online"", ""In-person"", ""TV""], ""follow_up"": true}"
Puducherry,2022,TV Campaign,9192,4.66,NGO,"{'channels': ['TV', 'Online', 'Radio'], 'follow_up': None}"
Puducherry,2022,School Workshop,3161,2.74,Private,"{""channels"": [""Radio""], ""follow_up"": false}"
Puducherry,2022,Awareness Camp,310,3.93,Private,"{'channels': ['In-person'], 'follow_up': False}"
PUDUCHERRY,2022,Online Webinar,4332,3.17,University,"{""channels"": [""TV"", ""Online"", ""In-person"", ""Radio""], ""follow_up"": true}"
CHANDIGARH,2016,School Workshop,404,2.49,Private,"{""channels"": [""TV"", ""Radio""], ""follow_up"": null}"
Chandigarh,2017,Awareness Camp,390,1.14,University,"{""channels"": [""In-person"", ""TV"", ""Radio""], ""follow_up"": true}"
CHANDIGARH,2017,Awareness Camp,4838,2.87,Private,"{""channels"": [""TV""], ""follow_up"": true}"
chandigarh,2017,Awareness Camp,2246,3.84,Govt,"{""channels"": [""Online""], ""follow_up"": true}"
Chandigarh,2017,Awareness Camp,9817,2.22,Govt,"{""channels"": [""In-person"", ""Radio"", ""Online""], ""follow_up"": true}"
chandigarh,2018,Awareness Camp,4015,2.88,Govt,"{""channels"": [""In-person"", ""Online"", ""Radio""], ""follow_up"": false}"
CHANDIGARH,2018,Awareness Camp,9568,3.7,NGO,"{'channels': ['Radio', 'TV'], 'follow_up': False}"
Chandigarh,2018,Online Webinar,9976,2.22,Govt,"{""channels"": [""In-person""], ""follow_up"": true}"
chandigarh,2018,Community Outreach,328,2.44,Private,"{""channels"": [""Radio""], ""follow_up"": null}"
Chandigarh,2019,Awareness Camp,963,2.14,Govt,"{""channels"": [""TV"", ""In-person"", ""Online"", ""Radio""], ""follow_up"": true}"
Chandigarh,2019,Awareness Camp,7265,1.02,Private,"{""channels"": [""TV""], ""follow_up"": true}"
Chandigarh,2019,TV Campaign,5499,1.26,NGO,"{""channels"": [""TV"", ""Radio""], ""follow_up"": false}"
chandigarh,2019,Online Webinar,8814,1.05,Govt,"{""channels"": [""TV""], ""follow_up"": null}"
Chandigarh,2020,Community Outreach,2114,4.76,Private,"{""channels"": [""TV"", ""In-person""], ""follow_up"": false}"
Chandigarh,2020,Online Webinar,4294,3.57,Govt,"{""channels"": [""Radio"", ""Online""], ""follow_up"": false}"
Chandigarh,2020,TV Campaign,4063,4.42,Private,"{""channels"": [""Online"", ""TV"", ""Radio""], ""follow_up"": null}"
CHANDIGARH,2021,TV Campaign,2822,2.07,Govt,"{""channels"": [""Online"", ""TV""], ""follow_up"": false}"
Chandigarh,2021,Online Webinar,259,1.65,NGO,"{""channels"": [""In-person""], ""follow_up"": false}"
Chandigarh,2022,Awareness Camp,9418,3.1,NGO,"{""channels"": [""In-person"", ""Online""], ""follow_up"": true}"
chandigarh,2022,Awareness Camp,3647,4.46,Private,"{""channels"": [""TV"", ""Online""], ""follow_up"": null}"
Chandigarh,2022,Community Outreach,4412,1.02,Govt,"{""channels"": [""Online""], ""follow_up"": true}"
Chandigarh,2022,School Workshop,1090,2.39,Private,"{'channels': ['Radio', 'In-person', 'TV', 'Online'], 'follow_up': False}"
Ladakh,2016,TV Campaign,5910,2.6,NGO,"{""channels"": [""TV"", ""Radio""], ""follow_up"": true}"
Ladakh,2016,School Workshop,8681,4.04,Private,"{""channels"": [""In-person"", ""Online"", ""TV"", ""Radio""], ""follow_up"": false}"
LADAKH,2017,Community Outreach,2396,1.54,Private,"{""channels"": [""In-person"", ""Radio""], ""follow_up"": null}"
Ladakh,2017,Awareness Camp,3392,1.42,NGO,"{""channels"": [""TV"", ""Radio""], ""follow_up"": null}"
Ladakh,2017,SchoolWorkshop,9142,1.99,University,"{""channels"": [""TV""], ""follow_up"": null}"
Ladakh,2017,School Workshop,3128,2.43,University,"{'channels': ['TV'], 'follow_up': None}"
Ladakh,2018,TV Campaign,2848,3.87,Private,"{""channels"": [""TV"", ""Online""], ""follow_up"": false}"
Ladakh,2018,TV Campaign,6597,3.06,Govt,"{""channels"": [""Radio"", ""TV"", ""Online""], ""follow_up"": false}"
LADAKH,2019,School Workshop,6466,2.31,Private,"{'channels': ['In-person'], 'follow_up': False}"
LADAKH,2020,Online Webinar,2404,3.54,University,"{""channels"": [""TV""], ""follow_up"": true}"
LADAKH,2020,Online Webinar,5387,3.8,University,"{""channels"": [""Radio""], ""follow_up"": true}"
Ladakh,2021,Awareness Camp,6457,3.32,NGO,"{'channels': ['TV', 'Radio'], 'follow_up': True}"
Ladakh,2022,TV Campaign,5516,2.23,NGO,"{'channels': ['Online', 'TV'], 'follow_up': None}"
Ladakh,2022,Awareness Camp,4194,1.43,Govt,"{""channels"": [""Online"", ""In-person""], ""follow_up"": null}"
LADAKH,2022,Awareness Camp,6463,3.38,Private,"{""channels"": [""In-person"", ""Online""], ""follow_up"": false}"
